username,profilePicture,postType,description,contentLink
spapa56,https://drive.google.com/thumbnail?id=19Rc4j3xEtK3o6XJaT9C8320y4UOAS-k8,Image,Check out my newest mug!,https://drive.google.com/thumbnail?id=1-ilZd3Y3PGluNh-1Kfo7X7MssLgUBKcC
wxng,https://drive.google.com/thumbnail?id=1XIdCRWPmcvUa185a2XTzDngLerqSFBCO,Image,Just got this out of the Kiln!!,https://drive.google.com/thumbnail?id=1FYg4WxBeUDPwAwr1lPdOAEv8LSgmBi4O
kysrit,https://drive.google.com/thumbnail?id=1EGhoNrDy-X1HWmxPZ_-KUWG_7XuCh4gV,Image,New jewelry dish!,https://drive.google.com/thumbnail?id=1-ilZd3Y3PGluNh-1Kfo7X7MssLgUBKcC
katerid,https://drive.google.com/thumbnail?id=1sE1gL7aboQIpKv-uxcey99A3TOGxtnoQ,Image,Love this glaze,https://drive.google.com/thumbnail?id=1fAabwLjyZW6sK5JztTYK76Nj5655E8eG
isaac23,https://drive.google.com/thumbnail?id=1Y_5gUdEZeTXX0KAMdTtOcn_Z7-hjibZx,Image,Little Sharky,https://drive.google.com/thumbnail?id=1zePtEFd8VazQsfJa96oR7jR1-7_IFuTM
wxng,https://drive.google.com/thumbnail?id=1XIdCRWPmcvUa185a2XTzDngLerqSFBCO,Image,Check out my newest mug!,https://drive.google.com/thumbnail?id=1-ilZd3Y3PGluNh-1Kfo7X7MssLgUBKcC
kysrit,https://drive.google.com/thumbnail?id=1EGhoNrDy-X1HWmxPZ_-KUWG_7XuCh4gV,Image,Just got this out of the Kiln!!,https://drive.google.com/thumbnail?id=1FYg4WxBeUDPwAwr1lPdOAEv8LSgmBi4O
katerid,https://drive.google.com/thumbnail?id=1sE1gL7aboQIpKv-uxcey99A3TOGxtnoQ,Image,New jewelry dish!,https://drive.google.com/thumbnail?id=1-ilZd3Y3PGluNh-1Kfo7X7MssLgUBKcC
isaac23,https://drive.google.com/thumbnail?id=1Y_5gUdEZeTXX0KAMdTtOcn_Z7-hjibZx,Image,Love this glaze,https://drive.google.com/thumbnail?id=1fAabwLjyZW6sK5JztTYK76Nj5655E8eG
spapa56,https://drive.google.com/thumbnail?id=19Rc4j3xEtK3o6XJaT9C8320y4UOAS-k8,Image,Little Sharky,https://drive.google.com/thumbnail?id=1zePtEFd8VazQsfJa96oR7jR1-7_IFuTM