username,profilePicture,postType,description,contentLink
JohnDoe,https://randomuser.me/api/portraits/men/1.jpg,Image,This is my newest pottery work!!,https://drive.google.com/thumbnail?id=1zePtEFd8VazQsfJa96oR7jR1-7_IFuTM
JaneSmith,https://randomuser.me/api/portraits/women/1.jpg,Music,Check out my latest song!,https://www.bensound.com/bensound-music/bensound-clearday.mp3
SamGreen,https://randomuser.me/api/portraits/men/2.jpg,Video,A quick clip of my daily life!,https://www.w3schools.com/html/mov_bbb.mp4
AlexBlue,https://randomuser.me/api/portraits/men/3.jpg,Image,Loving this new hobby!,https://drive.google.com/thumbnail?id=1zePtEFd8VazQsfJa96oR7jR1-7_IFuTM
EmmaStone,https://randomuser.me/api/portraits/women/2.jpg,Music,A soothing tune I composed.,https://www.bensound.com/bensound-music/bensound-epic.mp3
MikeBrown,https://randomuser.me/api/portraits/men/4.jpg,Image,This is my favorite view.,https://drive.google.com/thumbnail?id=1zePtEFd8VazQsfJa96oR7jR1-7_IFuTM
LucyWhite,https://randomuser.me/api/portraits/women/3.jpg,Video,Watch my latest adventure!,https://www.w3schools.com/html/movie.mp4
ChrisGray,https://randomuser.me/api/portraits/men/5.jpg,Music,Another track from my album!,https://www.bensound.com/bensound-music/bensound-creative.mp3
SophiaBlack,https://randomuser.me/api/portraits/women/4.jpg,Image,Just finished this painting!,https://drive.google.com/thumbnail?id=1zePtEFd8VazQsfJa96oR7jR1-7_IFuTM
LiamYellow,https://randomuser.me/api/portraits/men/6.jpg,Video,A glimpse into my travels.,https://www.w3schools.com/html/mov_bbb.mp4
OliviaGreen,https://randomuser.me/api/portraits/women/5.jpg,Music,A melody for your soul.,https://www.bensound.com/bensound-music/bensound-onceagain.mp3
EthanBrown,https://randomuser.me/api/portraits/men/7.jpg,Image,My photography project!,https://drive.google.com/thumbnail?id=1zePtEFd8VazQsfJa96oR7jR1-7_IFuTM
IsabellaPink,https://randomuser.me/api/portraits/women/6.jpg,Video,Behind the scenes!,https://www.w3schools.com/html/movie.mp4
NoahPurple,https://randomuser.me/api/portraits/men/8.jpg,Image,This is my artwork.,https://drive.google.com/thumbnail?id=1zePtEFd8VazQsfJa96oR7jR1-7_IFuTM
AvaOrange,https://randomuser.me/api/portraits/women/7.jpg,Music,A new genre experiment!,https://www.bensound.com/bensound-music/bensound-dreams.mp3
MasonRed,https://randomuser.me/api/portraits/men/9.jpg,Image,Look at this masterpiece!,https://drive.google.com/thumbnail?id=1zePtEFd8VazQsfJa96oR7jR1-7_IFuTM
MiaViolet,https://randomuser.me/api/portraits/women/8.jpg,Video,My day in 30 seconds!,https://www.w3schools.com/html/mov_bbb.mp4
ElijahGray,https://randomuser.me/api/portraits/men/10.jpg,Music,A happy little tune.,https://www.bensound.com/bensound-music/bensound-happyrock.mp3
CharlotteBlue,https://randomuser.me/api/portraits/women/9.jpg,Image,Captured this moment today!,https://drive.google.com/thumbnail?id=1zePtEFd8VazQsfJa96oR7jR1-7_IFuTM
JamesGold,https://randomuser.me/api/portraits/men/11.jpg,Video,My quick video edit!,https://www.w3schools.com/html/movie.mp4